"","danceability","energy","loudness","mode","speechiness","instrumentalness","valence","tempo","track.duration_ms","track.explicit","track.popularity","track.name","key_name","track.album.release_date","mode_name","key_mode"
"1",0.803,0.715,-3.28,1,0.298,0.000134,0.574,101.085,200960,FALSE,86,"Tusa","D","2019-11-07","major","D major"
"2",0.514,0.73,-5.934,1,0.0598,9.54e-05,0.334,171.005,200040,FALSE,95,"Blinding Lights","C#","2020-03-20","major","C# major"
"3",0.607,0.829,-4.074,1,0.379,0,0.685,96.172,295176,TRUE,82,"Safaera","D","2020-02-28","major","D major"
"4",0.783,0.727,-3.454,0,0.389,2.46e-05,0.558,180.067,199112,FALSE,85,"Hawái","F#","2020-08-21","minor","F# minor"
"5",0.883,0.668,-2.957,1,0.113,0.000529,0.676,87.972,226532,FALSE,79,"Sigues Con El","A","2019-12-13","major","A major"
"6",0.86,0.758,-5.16,1,0.0695,6.54e-05,0.453,97.014,172127,FALSE,81,"Yo Perreo Sola","B","2020-02-28","major","B major"
"7",0.728,0.542,-5.195,1,0.0514,0,0.637,90.016,227233,TRUE,80,"Pa' Olvidarme De Ella","C","2019-09-06","major","C major"
"8",0.652,0.595,-4.04,1,0.113,0.000115,0.444,172.27,150853,FALSE,75,"Rojo","B","2020-02-27","major","B major"
"9",0.9,0.603,-5.313,1,0.0646,4.81e-06,0.824,129.928,170971,FALSE,81,"Si Veo a Tu Mamá","D","2020-02-28","major","D major"
"10",0.881,0.696,-3.838,0,0.0797,4.13e-05,0.781,97.002,200666,FALSE,74,"Morado","B","2020-01-09","minor","B minor"
"11",0.886,0.672,-4.394,1,0.188,8.78e-06,0.526,91.976,192024,TRUE,72,"Vete","C#","2020-02-28","major","C# major"
"12",0.843,0.836,-2.474,0,0.0695,0.00138,0.65,94.018,205933,FALSE,83,"Azul","B","2020-03-19","minor","B minor"
"13",0.85,0.536,-5.161,1,0.0599,3.89e-05,0.505,96.029,210606,TRUE,74,"Ignorantes","C#","2020-02-28","major","C# major"
"14",0.793,0.793,-4.521,0,0.083,0,0.679,123.95,183290,FALSE,83,"Don't Start Now","B","2020-03-27","minor","B minor"
"15",0.814,0.714,-4.65,0,0.207,4.89e-06,0.789,176.013,345240,TRUE,77,"La Jeepeta - Remix","E","2020-07-24","minor","E minor"
"16",0.65,0.558,-3.082,1,0.0309,0,0.725,141.82,159533,FALSE,73,"Se Me Olvidó","C","2020-05-29","major","C major"
"17",0.861,0.678,-4.157,0,0.0536,2.42e-05,0.723,103.994,259600,FALSE,78,"Jangueo","G#","2019-11-08","minor","G# minor"
"18",0.685,0.848,-4.561,0,0.0858,7.14e-06,0.761,179.87,163084,TRUE,79,"La Difícil","G#","2020-02-28","minor","G# minor"
"19",0.654,0.672,-5.98,0,0.311,0,0.343,181.857,249520,FALSE,79,"Hola - Remix","C","2019-11-01","minor","C minor"
"20",0.805,0.562,-3.117,0,0.105,4.96e-06,0.767,172.094,184254,FALSE,79,"Relación","G","2020-05-21","minor","G minor"
"21",0.606,0.853,-2.975,1,0.0545,0,0.822,178.043,209765,FALSE,75,"Favorito","A","2020-04-17","major","A major"
"22",0.744,0.868,-4.524,1,0.047,0,0.586,93.037,206420,TRUE,80,"La Santa","C#","2020-02-28","major","C# major"
"23",0.723,0.704,-7.088,0,0.0571,0.00109,0.684,105.095,214934,TRUE,49,"RITMO (Bad Boys For Life)","A#","2020-06-18","minor","A# minor"
"24",0.644,0.35,-5.924,0,0.0783,0,0.541,118.206,240456,FALSE,62,"Yo Ya No Vuelvo Contigo - En Vivo","E","2020-05-01","minor","E minor"
"25",0.801,0.745,-3.733,0,0.063,0.00603,0.245,104.965,214013,TRUE,78,"Diosa","F#","2020-01-24","minor","F# minor"
"26",0.755,0.617,-5.144,1,0.182,0,0.745,193.896,202886,FALSE,74,"Tattoo","A","2020-02-13","major","A major"
"27",0.824,0.631,-2.791,1,0.0809,0.000116,0.678,171.965,197721,FALSE,79,"Elegí (feat. Dímelo Flow)","C","2020-03-26","major","C major"
"28",0.87,0.706,-5.395,0,0.126,0.0063,0.593,100.013,145800,FALSE,68,"Blanco","A","2019-11-15","minor","A minor"
"29",0.86,0.791,-4.784,1,0.0568,0.000106,0.887,92.023,175918,FALSE,79,"A Tu Merced","C","2020-02-28","major","C major"
"30",0.845,0.677,-4.798,0,0.136,0.000917,0.68,90.013,219048,FALSE,87,"La Curiosidad","B","2020-06-12","minor","B minor"
"31",0.641,0.857,-5.725,0,0.301,0.00534,0.961,122.728,157733,FALSE,76,"Amarillo","C#","2020-03-19","minor","C# minor"
"32",0.718,0.712,-4.366,1,0.174,0.00121,0.531,180.034,189653,FALSE,86,"Ay, DiOs Mío!","B","2020-07-10","major","B major"
"33",0.728,0.806,-3.766,1,0.0623,0.000301,0.698,168.084,217546,FALSE,81,"Caramelo","F#","2020-06-11","major","F# major"
"34",0.88,0.751,-4.258,0,0.0874,6.43e-05,0.884,117.948,157605,FALSE,85,"Ride It","G","2019-07-26","minor","G minor"
"35",0.76,0.658,-5.275,1,0.275,0,0.565,100.202,157944,FALSE,81,"Agua (with J Balvin) - Music From ""Sponge On The Run"" Movie","G","2020-07-09","major","G major"
"36",0.651,0.761,-4.805,0,0.063,0,0.433,89.024,186946,FALSE,72,"Sodio","A","2020-02-07","minor","A minor"
"37",0.73,0.729,-3.434,0,0.0883,1.39e-06,0.467,113.013,221820,FALSE,83,"Break My Heart","E","2020-03-27","minor","E minor"
"38",0.724,0.443,-3.743,1,0.0329,0,0.763,97.194,177791,FALSE,78,"La Mitad","G","2020-04-17","major","G major"
"39",0.787,0.673,-4.577,0,0.158,3.57e-06,0.786,110.962,237893,TRUE,84,"Say So","B","2019-11-07","minor","B minor"
"40",0.571,0.693,-8.234,0,0.0545,0,0.393,168.169,232253,FALSE,87,"UN DIA (ONE DAY) (Feat. Tainy)","F#","2020-07-24","minor","F# minor"
"41",0.535,0.714,-5.753,0,0.0329,2.91e-06,0.458,100.059,221553,FALSE,75,"Amor Tumbado","F#","2019-12-24","minor","F# minor"
"42",0.658,0.901,-2.814,1,0.0357,0,0.708,93.979,210520,FALSE,74,"Que Tire Pa Lante","G","2019-10-18","major","G major"
"43",0.726,0.431,-8.765,0,0.135,0,0.348,144.026,173333,FALSE,87,"death bed (coffee for your head)","G#","2020-02-08","minor","G# minor"
"44",0.548,0.816,-4.209,1,0.0465,0,0.557,95.39,174000,FALSE,89,"Watermelon Sugar","C","2019-12-13","major","C major"
"45",0.713,0.798,-3.147,1,0.219,4.3e-06,0.721,176.073,221103,FALSE,73,"Infeliz","C#","2019-12-20","major","C# major"
"46",0.505,0.411,-6.904,1,0.0325,0,0.534,101.69,228506,FALSE,68,"Caballero","B","2019-10-03","major","B major"
"47",0.638,0.437,-3.857,1,0.0332,0,0.618,147.88,143933,FALSE,72,"Aquí Abajo","E","2020-09-11","major","E major"
"48",0.795,0.542,-8.106,0,0.193,0,0.55,167.823,232653,FALSE,71,"PORFA","F#","2020-04-23","minor","F# minor"
"49",0.594,0.808,-2.409,1,0.0489,1.39e-05,0.919,188.09,194892,FALSE,75,"Muévelo","G","2020-01-08","major","G major"
"50",0.854,0.525,-4.426,1,0.214,0,0.63,97.054,197586,FALSE,84,"Mi Cuarto","C#","2020-04-03","major","C# major"
"51",0.826,0.773,-4.218,0,0.0524,0,0.761,126.899,238200,FALSE,76,"Calma - Remix","B","2018-10-05","minor","B minor"
"52",0.737,0.86,-2.652,0,0.0593,1.94e-06,0.656,93.989,193226,FALSE,78,"Con Calma","G#","2019-01-24","minor","G# minor"
"53",0.877,0.777,-4.246,1,0.117,3.46e-05,0.706,102.02,231848,FALSE,77,"Te Vi","C#","2018-12-14","major","C# major"
"54",0.746,0.7,-4.669,1,0.341,0.000159,0.619,176.044,225933,TRUE,74,"Otro Trago","C","2019-04-19","major","C major"
"55",0.61,0.624,-4.773,1,0.309,2.12e-06,0.244,176.169,250533,TRUE,80,"Callaita","D","2019-05-31","major","D major"
"56",0.709,0.771,-4.598,1,0.166,3.29e-06,0.709,174.006,204453,TRUE,68,"Desconocidos","G","2018-10-12","major","G major"
"57",0.837,0.791,-3.157,0,0.0773,1.14e-06,0.618,91.98,184435,TRUE,73,"HP","E","2019-05-17","minor","E minor"
"58",0.807,0.803,-4.156,1,0.126,0.00853,0.706,91.987,258800,FALSE,73,"Secreto","B","2019-01-15","major","B major"
"59",0.754,0.646,-5.795,1,0.317,1.85e-05,0.429,176.089,242573,FALSE,81,"LA CANCIÓN","G","2019-06-28","major","G major"
"60",0.767,0.709,-4.47,1,0.336,0,0.72,171.993,258638,FALSE,71,"Adan y Eva","C#","2018-11-05","major","C# major"
"61",0.777,0.712,-4.84,1,0.277,0,0.68,95.692,175733,FALSE,77,"11 PM","A#","2019-05-17","major","A# major"
"62",0.795,0.783,-4.271,1,0.0432,0,0.799,92.01,266086,FALSE,75,"Soltera - Remix","F","2019-05-10","major","F major"
"63",0.882,0.689,-4.027,1,0.124,0.00325,0.746,97.963,161626,FALSE,76,"Con Altura","F#","2019-03-28","major","F# major"
"64",0.849,0.655,-2.899,1,0.106,0,0.76,161.966,264483,FALSE,67,"Tal Vez","G#","2019-04-03","major","G# major"
"65",0.786,0.808,-3.702,1,0.0882,0.000289,0.609,105.027,301714,FALSE,78,"China","G","2019-07-19","major","G major"
"66",0.794,0.79,-3.855,0,0.0599,0,0.577,91.984,307546,FALSE,75,"No Me Conoce - Remix","A#","2019-05-17","minor","A# minor"
"67",0.688,0.62,-8.029,0,0.22,5.32e-06,0.727,170.011,360960,TRUE,74,"Pa Mí - Remix","B","2019-05-10","minor","B minor"
"68",0.75,0.665,-3.083,1,0.124,0,0.697,95.239,219357,FALSE,75,"Ella Quiere Beber - Remix","G#","2018-11-02","major","G# major"
"69",0.771,0.382,-6.808,0,0.0514,0,0.535,94.931,164440,FALSE,70,"Un Año","C#","2019-01-18","minor","C# minor"
"70",0.817,0.539,-6.349,0,0.0621,0.000496,0.158,97.062,210367,FALSE,77,"MIA (feat. Drake)","F#","2018-10-11","minor","F# minor"
"71",0.72,0.741,-6.529,0,0.0287,1.41e-05,0.357,119.896,198053,FALSE,79,"Dancin (feat. Luvli) - Krono Remix","A#","2014-11-07","minor","A# minor"
"72",0.76,0.479,-5.574,1,0.0466,0,0.913,89.911,158040,FALSE,83,"Sunflower - Spider-Man: Into the Spider-Verse","D","2018-12-14","major","D major"
"73",0.778,0.317,-10.732,0,0.334,0,0.327,140.048,178626,TRUE,85,"7 rings","C#","2019-02-08","minor","C# minor"
"74",0.759,0.54,-6.039,0,0.0287,0,0.75,116.947,190960,FALSE,82,"Señorita","A","2019-06-21","minor","A minor"
"75",0.701,0.425,-10.965,1,0.375,0.13,0.562,135.128,194087,FALSE,86,"bad guy","G","2019-03-29","major","G major"
"76",0.804,0.705,-5.272,1,0.199,0.000138,0.45,103.009,218469,FALSE,67,"Baby Girl (feat. Lalo Ebratt)","C#","2018-08-17","major","C# major"
"77",0.644,0.568,-3.077,0,0.038,0,0.654,81.409,156520,FALSE,71,"No Te Contaron Mal","A","2019-05-10","minor","A minor"
"78",0.857,0.647,-4.152,0,0.0984,1.2e-06,0.553,95.982,267500,FALSE,71,"Verte Ir","B","2019-03-28","minor","B minor"
"79",0.816,0.754,-2.75,0,0.111,0,0.533,99.966,158400,FALSE,7,"Baila Baila Baila","B","2019-01-05","minor","B minor"
"80",0.673,0.752,-3.572,0,0.0561,4.51e-05,0.797,175.997,201818,FALSE,72,"Te Robaré","D","2019-11-01","minor","D minor"
"81",0.704,0.706,-5.233,0,0.111,0,0.856,92.965,195044,FALSE,52,"Sola","B","2018-11-09","minor","B minor"
"82",0.842,0.801,-4.167,0,0.228,4.82e-06,0.617,95.881,212500,TRUE,69,"Taki Taki (feat. Selena Gomez, Ozuna & Cardi B)","G#","2019-07-25","minor","G# minor"
"83",0.639,0.791,-4.443,0,0.253,0,0.939,92.603,222346,FALSE,76,"QUE PRETENDES","A#","2019-06-28","minor","A# minor"
"84",0.83,0.159,-14.461,1,0.0383,2.02e-05,0.189,104.95,207400,TRUE,75,"Fuentes de Ortiz","C#","2018-03-02","major","C# major"
"85",0.796,0.911,-1.998,1,0.285,0,0.918,180.128,204630,FALSE,68,"Rebota","C#","2018-12-14","major","C# major"
"86",0.799,0.676,-5.644,1,0.169,0.000777,0.91,104.956,175200,FALSE,64,"Ni Gucci Ni Prada","D","2018-09-14","major","D major"
"87",0.79,0.631,-5.549,0,0.0425,0,0.889,94.039,190004,FALSE,70,"Amanece","G#","2018-12-14","minor","G# minor"
"88",0.731,0.832,-2.592,1,0.0503,0,0.94,146.013,178613,FALSE,75,"Tutu","A","2019-08-09","major","A major"
"89",0.8,0.74,-4.52,0,0.0479,0,0.775,90.035,226200,FALSE,72,"Aullando","A#","2018-12-14","minor","A# minor"
"90",0.745,0.972,-3.506,1,0.0774,0.465,0.556,128.031,189817,FALSE,75,"Baila Conmigo (feat. Kelly Ruiz)","G","2018-12-28","major","G major"
"91",0.678,0.806,-3.334,1,0.0648,0,0.614,183.984,227480,FALSE,72,"Amigos Con Derechos","C#","2019-05-31","major","C# major"
"92",0.433,0.724,-6.126,0,0.0372,0,0.689,174.006,268105,FALSE,73,"Lost on You","F","2017-05-05","minor","F minor"
"93",0.715,0.872,-3.501,1,0.0547,0.000146,0.682,96.939,212493,FALSE,68,"Créeme","F#","2018-11-02","major","F# major"
"94",0.744,0.804,-6.327,1,0.0677,0,0.426,104.823,205714,FALSE,74,"Me Rehúso","C#","2017-06-16","major","C# major"
"95",0.687,0.792,-2.749,1,0.0452,0,0.671,100.015,214289,FALSE,83,"Happier","F","2018-08-17","major","F major"
"96",0.709,0.483,-3.734,1,0.0281,2.33e-06,0.834,123.566,234198,FALSE,69,"En Peligro de Extinción","C","2018-06-18","major","C major"
"97",0.741,0.52,-7.513,1,0.0656,1.97e-06,0.347,102.998,171029,FALSE,80,"Dancing With A Stranger (with Normani)","G#","2019-01-11","major","G# major"
"98",0.694,0.77,-5.335,1,0.149,1.1e-05,0.163,125.905,184560,FALSE,80,"In My Mind","F#","2018-06-08","major","F# major"
"99",0.747,0.74,-4.325,0,0.191,9.94e-05,0.552,176.059,158800,FALSE,68,"Reggaeton","E","2018-11-17","minor","E minor"
"100",0.796,0.499,-6.166,0,0.0404,0,0.798,93.99,266015,FALSE,71,"Nunca Es Suficiente","D","2018-06-08","minor","D minor"
"101",0.78,0.877,-3.683,0,0.0427,2.36e-06,0.909,133.263,191973,FALSE,76,"Ahora Te Puedes Marchar","F#","1987-07-15","minor","F# minor"
"102",0.62,0.695,-2.979,1,0.0298,1.5e-05,0.921,143.927,188661,FALSE,68,"A Través Del Vaso","F","2017-10-25","major","F major"
"103",0.772,0.732,-3.713,0,0.213,5.14e-06,0.295,100.048,254383,FALSE,68,"Cuando Te Besé","A","2018-08-02","minor","A minor"
"104",0.754,0.805,-4.249,1,0.0752,0,0.555,93.982,176133,FALSE,72,"Vaina Loca","F#","2018-08-24","major","F# major"
"105",0.414,0.404,-9.928,0,0.0499,0,0.224,71.105,354320,FALSE,81,"Bohemian Rhapsody - Remastered 2011","C","1975-11-21","minor","C minor"
"106",0.878,0.619,-5.56,1,0.102,0,0.639,136.041,157066,FALSE,80,"Old Town Road - Remix","F#","2019-06-21","major","F# major"
"107",0.729,0.616,-6.422,1,0.249,0,0.532,106.486,155058,FALSE,67,"Swing","G#","2019-03-22","major","G# major"
"108",0.805,0.671,-5.316,1,0.111,0,0.522,90.979,219302,FALSE,63,"Esclavo de Tus Besos","F","2019-02-15","major","F major"
"109",0.632,0.832,-1.948,0,0.154,0,0.784,182.184,198933,FALSE,68,"Ya No Tiene Novio","G","2018-08-10","minor","G minor"
"110",0.694,0.758,-2.986,1,0.218,1.34e-06,0.371,192.091,185194,FALSE,76,"Loco Contigo (feat. J. Balvin & Tyga)","B","2019-07-25","major","B major"
"111",0.618,0.795,-1.8,1,0.113,0,0.76,185.901,206279,FALSE,73,"La Boca","D","2019-05-03","major","D major"
"112",0.847,0.736,-4.542,1,0.266,0.000142,0.876,160.012,171000,FALSE,69,"Tra Tra Tra Remix - Remix","C#","2019-06-20","major","C# major"
"113",0.763,0.578,-3.894,0,0.0852,5.12e-06,0.818,175.959,182466,FALSE,59,"Mala Fama","F#","2019-03-28","minor","F# minor"
"114",0.765,0.339,-8.965,1,0.0365,0,0.864,123.95,202560,FALSE,73,"El Color de Tus Ojos","G#","2017-04-21","major","G# major"
"115",0.681,0.788,-4.323,1,0.0785,0,0.839,170.019,220116,FALSE,68,"Déjala Que Vuelva (feat. Manuel Turizo)","C#","2018-05-11","major","C# major"
"116",0.8,0.355,-10.47,0,0.0895,0,0.253,145.929,228493,FALSE,68,"Bubalu","F#","2018-11-06","minor","F# minor"
"117",0.657,0.763,-6.316,1,0.0583,0,0.95,170.155,220941,FALSE,73,"Amor a Primera Vista","C","2019-06-14","major","C major"
"118",0.725,0.79,-2.331,1,0.197,1.14e-06,0.763,175.988,287773,TRUE,75,"Otro Trago - Remix","C","2019-07-26","major","C major"
"119",0.781,0.768,-5.991,1,0.0394,4.91e-06,0.486,123.07,213309,FALSE,77,"Promises (with Sam Smith)","B","2018-08-17","major","B major"
"120",0.572,0.385,-6.362,1,0.0308,0,0.323,95.799,215733,FALSE,83,"Shallow","G","2018-10-05","major","G major"
"121",0.776,0.78,-4.374,0,0.128,0,0.666,124.949,204346,FALSE,85,"Believer","A#","2017-06-23","minor","A# minor"
"122",0.684,0.811,-4.494,1,0.0714,0.000363,0.721,87.866,250840,FALSE,66,"No Es Justo","G","2018-05-25","major","G major"
"123",0.788,0.771,-3.206,0,0.0563,5.62e-05,0.701,99.038,207853,FALSE,68,"Adictiva","E","2018-11-09","minor","E minor"
"124",0.828,0.588,-7.14,1,0.118,0,0.598,94.052,224680,FALSE,69,"Contra La Pared","D","2019-03-14","major","D major"
"125",0.823,0.731,-3.399,0,0.103,0,0.952,152.024,186315,FALSE,68,"Puntos Suspensivos","B","2018-05-11","minor","B minor"
"126",0.836,0.766,-6.229,0,0.0371,1.18e-06,0.844,112.548,176000,FALSE,72,"La Escuela No Me Gustó","G","2018-08-24","minor","G minor"
"127",0.824,0.488,-9.112,1,0.0669,8.09e-06,0.878,155.11,217906,FALSE,63,"La Mujer Perfecta","A","2018-05-11","major","A major"
"128",0.933,0.528,-6.472,0,0.161,0.312,0.754,109.967,214653,FALSE,80,"Another One Bites The Dust - Remastered 2011","F","1980-06-27","minor","F minor"
"129",0.903,0.675,-3.445,0,0.214,1.28e-05,0.442,96.507,417920,TRUE,76,"Te Boté - Remix","B","2018-04-13","minor","B minor"
"130",0.635,0.902,-3.559,1,0.109,0,0.286,102.063,217822,TRUE,70,"BEBE","C","2018-11-27","major","C major"
"131",0.625,0.433,-12.963,1,0.0366,0.00103,0.274,93.041,226186,FALSE,73,"Brillas","A","2012-01-01","major","A major"
"132",0.647,0.661,-5.027,1,0.2,2.27e-06,0.811,113.358,305962,TRUE,71,"Que Mas Pues - Remix","B","2019-04-19","major","B major"
"133",0.602,0.398,-9.503,1,0.104,0,0.603,126.285,305120,FALSE,72,"Prometiste","C","2014-11-21","major","C major"
"134",0.669,0.561,-6.613,1,0.0318,0,0.867,114.405,174275,TRUE,68,"Aerolínea Carrillo","C#","2018-11-16","major","C# major"
"135",0.786,0.65,-6.839,1,0.109,8.17e-05,0.712,92.975,129039,FALSE,63,"PPP","E","2018-09-07","major","E major"
"136",0.55,0.598,-10.002,1,0.126,1.61e-06,0.831,81.235,192669,FALSE,0,"Me Dedique a Perderte","G#","2018-08-02","major","G# major"
"137",0.798,0.675,-5.041,1,0.0442,0,0.842,101.956,219946,FALSE,81,"I Don't Care (with Justin Bieber)","F#","2019-05-10","major","F# major"
"138",0.433,0.431,-6.422,1,0.0367,0,0.722,177.732,199320,FALSE,73,"Adiós Amor","D","2017-08-25","major","D major"
"139",0.78,0.759,-3.292,1,0.225,0.000868,0.579,91.952,201040,FALSE,75,"Yo x Ti, Tu x Mi","C#","2019-08-15","major","C# major"
"140",0.791,0.745,-3.695,0,0.0464,2.93e-05,0.82,94.014,188560,FALSE,71,"Sin Pijama","B","2018-04-20","minor","B minor"
"141",0.695,0.379,-9.096,1,0.0339,0,0.808,105.108,199733,FALSE,72,"No Hay Nadie Más","F#","2018-05-18","major","F# major"
"142",0.589,0.49,-5.291,1,0.0302,0,0.604,160.179,233546,FALSE,68,"Probablemente","G","2017-08-25","major","G major"
"143",0.717,0.653,-5.634,1,0.0658,0,0.412,106.966,207320,TRUE,83,"thank u, next","C#","2019-02-08","major","C# major"
"144",0.374,0.727,-4.352,1,0.0309,0,0.283,155.127,257026,FALSE,74,"La Incondicional","A#","1988-11-25","major","A# major"
"145",0.851,0.541,-6.825,1,0.0505,0,0.448,124.959,235545,TRUE,66,"Girls Like You (feat. Cardi B)","C","2018-06-15","major","C major"
"146",0.842,0.734,-5.065,0,0.0588,0,0.952,137.958,181040,FALSE,9,"Sucker","C#","2019-03-01","minor","C# minor"
"147",0.806,0.778,-4.577,0,0.0616,0,0.84,95.993,219586,FALSE,70,"Cuando Nadie Ve","C#","2018-10-25","minor","C# minor"
"148",0.77,0.75,-2.715,1,0.0785,0,0.609,99.997,225600,FALSE,63,"Que Le De","C","2019-01-25","major","C major"
"149",0.857,0.772,-4.736,0,0.194,0.00181,0.589,94.028,164764,FALSE,64,"Ponle","A#","2018-09-06","minor","A# minor"
"150",0.863,0.59,-8.768,1,0.5,0,0.579,161.98,168560,TRUE,54,"Rucón","C#","2018-05-30","major","C# major"
"151",0.681,0.788,-4.323,1,0.0785,0,0.839,170.019,220116,FALSE,68,"Déjala Que Vuelva (feat. Manuel Turizo)","C#","2018-05-11","major","C# major"
"152",0.909,0.493,-6.688,1,0.0735,0.000147,0.844,94.016,197120,FALSE,62,"Bella","D#","2017-12-29","major","D# major"
"153",0.903,0.675,-3.445,0,0.214,1.28e-05,0.442,96.507,417920,TRUE,76,"Te Boté - Remix","B","2018-04-13","minor","B minor"
"154",0.777,0.779,-4.449,0,0.0972,0,0.768,94.023,221653,FALSE,4,"Me Niego (feat. Ozuna & Wisin)","C","2018-02-16","minor","C minor"
"155",0.595,0.773,-4.736,0,0.0549,0.00108,0.711,180.073,173627,FALSE,6,"X","A","2018-03-02","minor","A minor"
"156",0.764,0.59,-4.292,1,0.0395,0.00847,0.281,99.996,251773,FALSE,67,"To My Love - Tainy Remix","G","2016-12-16","major","G major"
"157",0.814,0.813,-3.023,0,0.0561,9.33e-05,0.839,79.997,232549,FALSE,73,"Criminal","D","2017-09-01","minor","D minor"
"158",0.802,0.744,-5.968,1,0.078,0,0.45,99.983,215082,FALSE,66,"Dembow","F#","2017-12-08","major","F# major"
"159",0.722,0.738,-6.073,0,0.247,1.47e-05,0.748,198.075,184720,FALSE,69,"Corazón (feat. Nego do Borel)","A","2018-05-18","minor","A minor"
"160",0.783,0.84,-3.416,1,0.051,0,0.839,95.001,200480,FALSE,70,"Dura","C#","2018-01-18","major","C# major"
"161",0.792,0.895,-3.112,0,0.0589,0,0.794,94.968,201526,FALSE,69,"1, 2, 3 (feat. Jason Derulo & De La Ghetto)","C#","2018-02-16","minor","C# minor"
"162",0.791,0.745,-3.695,0,0.0464,2.93e-05,0.82,94.014,188560,FALSE,71,"Sin Pijama","B","2018-04-20","minor","B minor"
"163",0.855,0.664,-7.11,0,0.0607,3.97e-05,0.626,98.015,226800,FALSE,68,"Síguelo Bailando","A","2017-08-25","minor","A minor"
"164",0.775,0.679,-4.985,0,0.135,7.26e-05,0.619,166.008,193456,FALSE,70,"Downtown","E","2017-11-19","minor","E minor"
"165",0.744,0.804,-6.327,1,0.0677,0,0.426,104.823,205714,FALSE,74,"Me Rehúso","C#","2017-06-16","major","C# major"
"166",0.801,0.812,-4.47,1,0.0587,0.000364,0.699,87.971,251266,FALSE,63,"No Es Justo","G","2018-05-11","major","G major"
"167",0.742,0.432,-7.539,0,0.0615,5.78e-05,0.252,148.005,155675,TRUE,2,"Amorfoda","A","2018-02-15","minor","A minor"
"168",0.807,0.681,-6.268,1,0.0983,0,0.676,140.006,297485,FALSE,70,"Sensualidad","B","2017-11-03","major","B major"
"169",0.74,0.74,-3.647,0,0.0686,0,0.717,93.95,219600,FALSE,65,"El Préstamo","F","2018-05-18","minor","F minor"
"170",0.691,0.368,-9.053,1,0.0351,0,0.787,105.084,197680,FALSE,54,"No Hay Nadie Más","F#","2018-01-26","major","F# major"
"171",0.754,0.805,-4.249,1,0.0752,0,0.555,93.982,176133,FALSE,72,"Vaina Loca","F#","2018-08-24","major","F# major"
"172",0.769,0.838,-5.238,1,0.0633,0,0.602,93.996,249608,FALSE,72,"La player (Bandolera)","D","2018-02-23","major","D major"
"173",0.765,0.339,-8.965,1,0.0365,0,0.864,123.95,202560,FALSE,73,"El Color de Tus Ojos","G#","2017-04-21","major","G# major"
"174",0.791,0.862,-3.24,0,0.11,2.19e-05,0.592,123.994,214846,FALSE,80,"One Kiss (with Dua Lipa)","A","2018-04-06","minor","A minor"
"175",0.739,0.821,-4.233,1,0.0852,9.6e-06,0.693,171.077,188080,FALSE,71,"Se Preparó","C#","2017-08-25","major","C# major"
"176",0.733,0.892,-3.641,1,0.0417,0,0.675,95.989,173720,FALSE,64,"Échame La Culpa","C","2017-11-17","major","C major"
"177",0.849,0.724,-4.139,1,0.0665,5.98e-06,0.63,98.005,201122,FALSE,69,"Te Amo","F","2018-03-15","major","F major"
"178",0.685,0.762,-5.147,1,0.0565,0,0.905,172.017,245360,FALSE,57,"Por Perro","C","2018-03-30","major","C major"
"179",0.836,0.544,-5.975,1,0.0943,0,0.51,97.028,217946,TRUE,78,"IDGAF","G","2017-06-02","major","G major"
"180",0.697,0.648,-7.123,1,0.128,0,0.313,186.125,199813,FALSE,61,"Esperándote","G","2017-12-07","major","G major"
"181",0.754,0.449,-9.211,1,0.109,8.29e-05,0.357,77.169,198973,TRUE,82,"God's Plan","G","2018-06-29","major","G major"
"182",0.807,0.633,-6.016,0,0.0929,0,0.325,138.038,311726,FALSE,71,"Solita","A#","2018-01-19","minor","A# minor"
"183",0.54,0.367,-14.238,1,0.0277,0,0.252,70.276,237240,FALSE,71,"Culpable O No - Miénteme Como Siempre","C","1988-11-25","major","C major"
"184",0.719,0.842,-3.562,0,0.0383,0,0.534,90.017,228138,FALSE,63,"EL BAÑO (feat. Bad Bunny)","F#","2018-01-12","minor","F# minor"
"185",0.816,0.726,-3.998,0,0.129,0,0.65,136.048,253390,TRUE,80,"I Like It","F","2018-04-06","minor","F minor"
"186",0.78,0.877,-3.683,0,0.0427,2.36e-06,0.909,133.263,191973,FALSE,76,"Ahora Te Puedes Marchar","F#","1987-07-15","minor","F# minor"
"187",0.762,0.631,-4.837,1,0.0544,0,0.379,118.969,228874,FALSE,1,"Nena Maldicion (feat. Lenny Tavarez)","F#","2018-01-30","major","F# major"
"188",0.747,0.732,-3.24,1,0.145,0,0.887,180.112,203853,FALSE,53,"SUTRA","A","2017-10-13","major","A major"
"189",0.742,0.859,-4.942,1,0.0482,0,0.652,95.046,194742,FALSE,72,"Robarte un Beso","A#","2017-11-10","major","A# major"
"190",0.852,0.773,-2.921,0,0.0776,3.05e-05,0.907,102.034,195840,FALSE,73,"Chantaje (feat. Maluma)","G#","2017-05-26","minor","G# minor"
"191",0.788,0.477,-7.348,1,0.0434,0,0.86,94.983,213026,FALSE,69,"Una Lady Como Tú","E","2017-04-10","major","E major"
"192",0.585,0.52,-6.136,0,0.0712,7.01e-05,0.129,159.801,218146,TRUE,83,"rockstar (feat. 21 Savage)","F","2018-04-27","minor","F minor"
"193",0.837,0.784,-4.531,0,0.101,0,0.748,94.036,217653,FALSE,69,"No Me Acuerdo","G","2018-11-09","minor","G minor"
"194",0.743,0.855,-3.976,0,0.0436,0.0045,0.871,96.989,202453,FALSE,57,"Mayores","F","2017-07-14","minor","F minor"
"195",0.744,0.859,-3.166,1,0.0795,6.27e-05,0.787,91.977,232786,FALSE,71,"Escápate Conmigo (feat. Ozuna)","B","2017-12-01","major","B major"
"196",0.766,0.827,-3.332,1,0.0538,0,0.831,91.03,238160,FALSE,65,"Que Va","C","2017-08-04","major","C major"
"197",0.762,0.7,-6.021,0,0.0694,1.56e-05,0.608,116.073,209320,FALSE,78,"New Rules","A","2017-06-02","minor","A minor"
"198",0.825,0.652,-3.183,0,0.0802,0,0.931,95.977,233712,FALSE,83,"Shape of You","C#","2017-03-03","minor","C# minor"
"199",0.737,0.742,-2.875,1,0.0441,0,0.386,119.966,258000,FALSE,69,"El Farsante - Remix","F#","2018-01-30","major","F# major"
"200",0.842,0.801,-4.167,0,0.228,4.82e-06,0.617,95.881,212500,TRUE,77,"Taki Taki (with Selena Gomez, Ozuna & Cardi B)","G#","2018-09-28","minor","G# minor"
